run_num,project_name,metric,n,mean,q0.001,q0.01,q0.1,q0.25,q0.5,q0.75,q0.9,q0.99,q0.999
1,PNA,step_ms,400,112.25455171000002,93.217434,109.663363,110.579348,111.493833,112.323677,112.964377,113.69555,116.76602,117.42024
1,PNA,forward_ms,400,47.3214982325,46.668033,46.787955,47.04154,47.164881,47.272123,47.386665,47.519408,49.902175,52.116703
1,PNA,backward_ms,400,58.00849582250001,39.482526,55.862484,56.426352,57.074662,58.398254,58.69214,59.000755,60.57664,62.898949
1,PNA,optimizer_ms,400,3.7310039724999995,3.313055,3.415526,3.443447,3.63894,3.66952,3.69105,4.252499,4.594175,5.978978
1,PNA,loss,400,0.7957353819906712,0.6962586641311646,0.724486231803894,0.7588704824447632,0.7763092517852783,0.7977644801139832,0.8147108554840088,0.8345151543617249,0.8595367670059204,0.8777598142623901
1,PNA,gpu_util,161,24.73913043478261,0.0,0.0,0.0,22.0,27.0,33.0,33.0,33.0,33.0
1,PNA,cpu_util,161,62.29937888198758,43.5,53.9,55.3,56.8,63.6,65.0,72.2,74.2,80.7
1,PNA,ram_used_mb,161,21484.51611024845,20590.17578125,20591.16796875,20591.9140625,20623.7265625,21849.55078125,21913.328125,21953.78125,21973.7890625,21976.4375
