run_num,project_name,metric,n,mean,q0.001,q0.01,q0.1,q0.25,q0.5,q0.75,q0.9,q0.99,q0.999
1,PNA,step_ms,90,614.7548035,281.657294,281.729186,285.970363,287.447958,777.455352,779.605871,781.385612,784.510579,784.529589
1,PNA,forward_ms,90,228.09845976666668,103.947266,103.948696,107.194554,107.667812,287.962598,289.013346,289.610307,290.706617,290.761499
1,PNA,backward_ms,90,375.3256438111111,168.968053,169.306228,170.231685,171.030989,476.874867,478.033449,478.911344,481.113154,481.569232
1,PNA,optimizer_ms,90,3.805173955555555,3.121356,3.461542,3.492934,3.547814,3.851379,3.977561,4.020392,4.239876,4.376068
1,PNA,loss,90,0.7974773526191712,0.7671056389808655,0.7733598947525024,0.7853585481643677,0.7896373271942139,0.7974405884742737,0.8046746850013733,0.8125852346420288,0.8245863318443298,0.8296518325805664
1,PNA,gpu_util,90,92.34444444444445,46.0,48.0,77.0,92.0,94.0,100.0,100.0,100.0,100.0
1,PNA,cpu_util,90,81.85333333333334,43.3,43.6,44.2,46.9,99.2,100.3,101.1,101.7,102.0
1,PNA,ram_used_mb,90,21231.014322916668,21189.4296875,21191.32421875,21211.203125,21225.1171875,21232.9921875,21241.3828125,21246.87890625,21250.99609375,21256.79296875
