run_num,project_name,metric,n,mean,q0.001,q0.01,q0.1,q0.25,q0.5,q0.75,q0.9,q0.99,q0.999
1,PNA,step_ms,90,614.2130911,282.28539,282.436993,286.612439,287.7928,776.681213,778.483562,780.000047,784.98914,785.127621
1,PNA,forward_ms,90,227.67706006666663,103.682409,103.811102,107.149915,107.536312,287.600046,288.225717,289.150242,289.926664,290.244199
1,PNA,backward_ms,90,375.6527285333333,169.686615,169.834619,170.696564,171.438005,477.009832,478.271612,479.147358,481.389254,481.774479
1,PNA,optimizer_ms,90,4.068772344444445,3.579668,3.821242,3.973215,4.001065,4.038156,4.084356,4.168608,4.649366,4.991831
1,PNA,loss,90,0.7974773512946235,0.7671056389808655,0.7733598947525024,0.7853585481643677,0.7896373271942139,0.7974405884742737,0.8046746850013733,0.8125852346420288,0.8245862126350403,0.8296518325805664
1,PNA,gpu_util,90,60.37777777777778,0.0,0.0,0.0,27.0,63.0,100.0,100.0,100.0,100.0
1,PNA,cpu_util,90,61.05222222222223,56.6,56.7,57.2,57.6,58.1,67.4,67.7,68.6,68.7
1,PNA,ram_used_mb,90,20916.67209201389,20899.84765625,20900.00390625,20910.05859375,20913.41015625,20916.390625,20921.125,20923.4375,20925.87890625,20927.6953125
