run_num,project_name,metric,n,mean,q0.001,q0.01,q0.1,q0.25,q0.5,q0.75,q0.9,q0.99,q0.999
1,PNA,step_ms,90,615.0748637888889,282.531793,282.632384,286.415176,287.858179,777.718102,779.841757,781.363551,785.232205,785.621611
1,PNA,forward_ms,90,228.16098122222223,103.735346,103.863299,107.232003,107.592299,288.017622,289.217131,289.73471,290.94047,291.070352
1,PNA,backward_ms,90,375.4954226111111,169.579997,169.647358,170.282988,171.374576,476.814852,478.230494,479.048147,481.374096,482.020396
1,PNA,optimizer_ms,90,3.838227255555556,3.313614,3.457876,3.507767,3.67343,3.868933,4.019556,4.061676,4.27878,4.296149
1,PNA,loss,90,0.797477353281445,0.7671056389808655,0.7733598947525024,0.7853585481643677,0.7896373271942139,0.7974405884742737,0.8046746850013733,0.8125852346420288,0.8245863318443298,0.8296518325805664
1,PNA,gpu_util,90,91.12222222222222,45.0,50.0,70.0,92.0,95.0,100.0,100.0,100.0,100.0
1,PNA,cpu_util,90,83.59,48.1,48.2,49.1,52.4,99.3,100.6,100.9,101.5,102.4
1,PNA,ram_used_mb,90,21258.587890625,21218.34375,21227.64453125,21244.05078125,21253.66796875,21259.4140625,21266.68359375,21272.421875,21276.35546875,21276.67578125
