run_num,project_name,metric,n,mean,q0.001,q0.01,q0.1,q0.25,q0.5,q0.75,q0.9,q0.99,q0.999
1,PNA,step_ms,270,613.2755638777777,280.103846,280.737157,284.656567,286.379608,775.648609,777.736987,779.748783,782.608254,794.343122
1,PNA,forward_ms,270,226.81415034444444,102.736805,103.04493,106.160887,106.610663,286.468359,287.435317,288.292522,288.914513,301.621349
1,PNA,backward_ms,270,374.8632799,168.646696,168.881861,169.782987,170.793565,476.258931,477.521254,478.45466,480.305902,480.999936
1,PNA,optimizer_ms,270,3.8586938037037037,3.144745,3.254088,3.545473,3.671176,3.89845,4.044392,4.099573,4.259406,4.509929
1,PNA,loss,270,0.7963966883994915,0.7669114470481873,0.7735402584075928,0.7846059799194336,0.789945125579834,0.7952951192855835,0.8018832206726074,0.8099728226661682,0.8211104869842529,0.829533576965332
1,PNA,gpu_util,270,91.7,43.0,47.0,73.0,92.0,94.0,100.0,100.0,100.0,100.0
1,PNA,cpu_util,270,81.80962962962963,37.3,43.5,44.5,47.1,99.2,100.2,100.5,102.0,102.4
1,PNA,ram_used_mb,270,24718.47484085648,22904.03125,23135.47265625,23426.6875,23574.53125,23846.29296875,26591.67578125,26963.49609375,27233.99609375,27364.4921875
