step_idx,generation,collected,uncollectable,duration_ms
34,2,3,0,177.202436
90,2,3,0,154.371298
144,2,3,0,172.355113
198,2,3,0,160.136476
