step_idx,generation,collected,uncollectable,duration_ms
2,2,0,0,153.964479
22,2,0,0,130.840128
37,2,0,0,163.074526
57,2,0,0,149.074874
76,2,0,0,130.560422
93,2,0,0,152.541024
111,2,0,0,129.162349
130,2,0,0,157.755124
148,2,0,0,149.99564
168,2,0,0,130.679375
185,2,0,0,130.270658
