step_idx,generation,collected,uncollectable,duration_ms
34,2,3,0,180.654319
90,2,3,0,151.695572
144,2,3,0,178.785516
198,2,3,0,152.570237
